Scale,Item
Drive & Commitment,2
Drive & Commitment,11
Drive & Commitment,19
Drive & Commitment,24
Drive & Commitment,38
Drive & Commitment,43
Drive & Commitment,60
Competitive Edge,9
Competitive Edge,17
Competitive Edge,23
Competitive Edge,34
Competitive Edge,40
Resilience Under Pressure,1
Resilience Under Pressure,5
Resilience Under Pressure,10
Resilience Under Pressure,33
Resilience Under Pressure,42
Resilience Under Pressure,51
Learning & Adaptability,14
Learning & Adaptability,16
Learning & Adaptability,18
Learning & Adaptability,28
Learning & Adaptability,31
Learning & Adaptability,52
Learning & Adaptability,55
Focus & Game Intelligence,4
Focus & Game Intelligence,20
Focus & Game Intelligence,26
Focus & Game Intelligence,30
Focus & Game Intelligence,39
Focus & Game Intelligence,48
Team Orientation & Coachability,7
Team Orientation & Coachability,12
Team Orientation & Coachability,25
Team Orientation & Coachability,37
Team Orientation & Coachability,41
Team Orientation & Coachability,45
Emotional Regulation,15
Emotional Regulation,22
Emotional Regulation,27
Emotional Regulation,32
Emotional Regulation,49
Emotional Regulation,54
Emotional Regulation,59
Impression Management,3
Impression Management,6
Impression Management,13
Impression Management,21
Impression Management,29
Impression Management,36
Impression Management,47
Impression Management,50
Attention Checks,8
Attention Checks,57
